first names,last names
altew,arnhold
artan,beadling
barsuhn,blount
bier,bron
bradie,carmickel
burrell,coccia
caverly,daddio
clute,diani
culloton,ebberts
delbene,felber
dodie,gabriel
efrain,gohring
faerber,halen
fouges,hiatt
genia,im
gravis,keaveney
hargitt,kotzen
hinderliter,laurin
imo,lorenson
jenkens,marinoni
karima,mechem
kiora,moretti
kuhnemund,noreen
lavin,parobek
llewyn,podwoski
maharrey,ravotta
mathews,rosi
melendez,schaumberg
montaluo,shetlar
nehrt,speece
oliwia,sundblad
pecora,tokley
porras,vanhoecke
ratkowski,wei
rodkin,yearby
salwa,
se,
shloka,
soyini,
stvrestil,
teniola,
trinks,
vegher,
weisenfels,
yamilette,
