genderizedname	gender	genderprobability
Chelsea		
Heidi		
Le		
Marwood		
Kenji		
Harriet		
Will		
Ariel		
Elhanan		
Rey		
Carly		
Cy		
Marthe		
Otto		
Theron		
Dac		
Sam		
Carson		
Le		
Cornell		
Melchior		
Bowen		
Lia		
Heidi		
Stanislas		
Claire		
Chung		
Jisoon		
Kie		
Sam		
Shuman		
Ross		
Solomon		
Meng		
Ying-Che		
Nguyen		
Youngil		
Chu		
Yu-sheng		
Talbot		
Antong		
Claudio		
Kristen		
Igor		
Kristen		
Nelson		
Huey		
Ferd		
Tammy		
Barbara		
Ross		
Antonia		
Wayne		
Nicolas		
Sophia		
Javier		
Clarence		
Yolanda		
Ilan		
Alexei		
Joyce		
Mara		
Vinson		
Renee		
Aziz		
Neal		
Xavier		
Ricardo		
Dante		
Joanna		
Kerry		
Edwin		
Lorraine		
William		
Gayle		
Erskine		
Marshall		
Carol		
Raphael		
Archer		
Marina		
Zeno		
Spencer		
Wylie		
Shehzad		
Kimberley		
Branko		
Sidney		
Kristy		
Romana		
Gibbes		
Wynn		
Svetozar		
Katia		
Carle		
Assaf		
Jimmie		
Calvin		
Tommie		
Basil		
Jerold		
Cary		
Alasdair		
Jeffry		
Ashley		
Gianfranco		
Brent		
Houston		
Nasreldin		
Eusebio		
Dipali		
Heinz		
Gail		
Mitchell		
Yvonne		
Colette		
Mentor		
Anas		
Dambudzo		
Kumaraj		
Mohammed		
Hiroshi		
Stuart		
Erwin		
Calliope		
Edwin		
Tiffany		
Darwin		
Brenan		
Cara		
Eiichi		
Monica		
Julia		
Neal		
Reem		
Sheila		
Kyle		
Johnathan		
Ozguc		
Stuart		
Sidney		
Svetozar		
Sam		
Sheila		
Solomon		
Theodore		
Carly		
Edwin		
Geert		
Kyle		
Carol		
Sidney		
Edwin		
Barbara		
Solomon		
Mitchell		
Kyle		
Ellis		
Barbara		
William		
Stuart		
Edwin		
Burton		
Klaus		
Marina		
Klaus		
Theodore		
Colin		
